event_id,time_utc,origin_time_utc,event_lat,event_lon,event_depth_km,lat,lon,depth_km,source_x_km,source_y_km,source_z_km,magnitude,magnitude_type,phases,rms_s,gap_deg,error_lat_km,error_lon_km,error_depth_km,region,status,source_depth_class,n_picks,n_stations,stations,selection_source,rms_source,selection_group,quakeml_url,phases_url,map_url,xml_file,selection_score
SGC2023vzpirs,2023-11-08 09:18:12,2023-11-08T09:18:12.580000Z,7.432833333,-74.07966667,25.73,7.433,-74.08,25.73,-119.29262689786889,48.18300662955996,25.73,2.6,MLr_vmm,101,0.9,46.0,0.707,0.707,1.9,"San Pablo - Bolívar, Colombia",manual,depth20_120,8,8,BAR2 BRJC CPAM3 CPAMP PAM PDSC PTB PTB1,sgc_new_events_downloaded_quakeml,sgc_catalog_rms_s,domain_20_120,https://bdrsnc.sgc.gov.co/paginas1/catalogo/Consulta_Experta_Seiscomp/download.php?destino=eventos/events/SGC2023vzpirs&file=SGC2023vzpirs.xml,https://bdrsnc.sgc.gov.co/paginas1/catalogo/Consulta_Experta_Seiscomp/fases.php?id_sismo=SGC2023vzpirs&date=2023-11-08_13:15:42&anio=2023,"https://bdrsnc.sgc.gov.co/paginas1/catalogo/Consulta_Experta_Seiscomp/mapa.php?lat=7.432833333&lon=-74.07966667&fc=2023-11-08_09:18:12&pf=25.73&mg=2.6&dm=San_Pablo_-_Bol�var,_Colombia",C:\Users\claudia.parra\Documents\Materias_romulo\investigacion\tomografia_localizacion_simultaneas\output_sgc_new_events_joint_vp_relocation_fmm_min4_plus_shallow\data\xml_events\SGC2023vzpirs.xml,109.56666666666668
SGC2023tdymfy,2023-09-29 06:22:37,2023-09-29T06:22:37.710000Z,7.1925,-73.78916667,23.81,7.193,-73.789,23.81,-87.19521287486266,21.429099999999988,23.81,2.1,MLr_vmm,66,0.7,51.0,0.778,0.778,2.0,"Barrancabermeja - Santander, Colombia",manual,depth20_120,8,8,BAR2 BRJC CPAM3 CPAMP PAM PDSC PTB PTB1,sgc_new_events_downloaded_quakeml,sgc_catalog_rms_s,domain_20_120,https://bdrsnc.sgc.gov.co/paginas1/catalogo/Consulta_Experta_Seiscomp/download.php?destino=eventos/events/SGC2023tdymfy&file=SGC2023tdymfy.xml,https://bdrsnc.sgc.gov.co/paginas1/catalogo/Consulta_Experta_Seiscomp/fases.php?id_sismo=SGC2023tdymfy&date=2023-09-29_15:25:09&anio=2023,"https://bdrsnc.sgc.gov.co/paginas1/catalogo/Consulta_Experta_Seiscomp/mapa.php?lat=7.1925&lon=-73.78916667&fc=2023-09-29_06:22:37&pf=23.81&mg=2.1&dm=Barrancabermeja_-_Santander,_Colombia",C:\Users\claudia.parra\Documents\Materias_romulo\investigacion\tomografia_localizacion_simultaneas\output_sgc_new_events_joint_vp_relocation_fmm_min4_plus_shallow\data\xml_events\SGC2023tdymfy.xml,106.85000000000001
SGC2023wlnqql,2023-11-14 21:20:46,2023-11-14T21:20:46.609999Z,7.237166667,-73.32583333,34.34,7.237,-73.326,34.34,-36.0014020499306,26.40139337044004,34.34,2.8,MLr_vmm,98,0.8,34.0,0.778,0.778,1.3,"Lebrija - Santander, Colombia",manual,depth20_120,8,8,BAR2 BRJC CPAM3 CPAMP PAM PDSC PTB PTB1,sgc_new_events_downloaded_quakeml,sgc_catalog_rms_s,domain_20_120,https://bdrsnc.sgc.gov.co/paginas1/catalogo/Consulta_Experta_Seiscomp/download.php?destino=eventos/events/SGC2023wlnqql&file=SGC2023wlnqql.xml,https://bdrsnc.sgc.gov.co/paginas1/catalogo/Consulta_Experta_Seiscomp/fases.php?id_sismo=SGC2023wlnqql&date=2023-11-14_22:32:53&anio=2023,"https://bdrsnc.sgc.gov.co/paginas1/catalogo/Consulta_Experta_Seiscomp/mapa.php?lat=7.237166667&lon=-73.32583333&fc=2023-11-14_21:20:46&pf=34.34&mg=2.8&dm=Lebrija_-_Santander,_Colombia",C:\Users\claudia.parra\Documents\Materias_romulo\investigacion\tomografia_localizacion_simultaneas\output_sgc_new_events_joint_vp_relocation_fmm_min4_plus_shallow\data\xml_events\SGC2023wlnqql.xml,112.81666666666666
SGC2025qrozun,2025-08-25 04:50:13,2025-08-25T04:50:13.039999Z,7.1245,-73.44416667,34.12,7.125,-73.444,34.12,-49.07608090261717,13.85934000000003,34.12,1.9,MLr_vmm,32,0.6,66.0,0.919,0.919,2.0,"Betulia - Santander, Colombia",manual,depth20_120,7,7,BAR2 BRJC CPAM3 CPAMP PAM VMM07 VMM10,sgc_new_events_downloaded_quakeml,sgc_catalog_rms_s,domain_20_120,https://bdrsnc.sgc.gov.co/paginas1/catalogo/Consulta_Experta_Seiscomp/download.php?destino=eventos/events/SGC2025qrozun&file=SGC2025qrozun.xml,https://bdrsnc.sgc.gov.co/paginas1/catalogo/Consulta_Experta_Seiscomp/fases.php?id_sismo=SGC2025qrozun&date=2025-08-25_05:10:38&anio=2025,"https://bdrsnc.sgc.gov.co/paginas1/catalogo/Consulta_Experta_Seiscomp/mapa.php?lat=7.1245&lon=-73.44416667&fc=2025-08-25_04:50:13&pf=34.12&mg=1.9&dm=Betulia_-_Santander,_Colombia",C:\Users\claudia.parra\Documents\Materias_romulo\investigacion\tomografia_localizacion_simultaneas\output_sgc_new_events_joint_vp_relocation_fmm_min4_plus_shallow\data\xml_events\SGC2025qrozun.xml,88.1
SGC2026boggwn,2026-01-22 22:08:01,2026-01-22T22:08:01.470000Z,7.711,-73.73683333,44.87,7.711,-73.737,44.87,-81.41288970382337,79.14852000000003,44.87,2.3,MLr_vmm,56,0.6,31.0,0.778,0.778,2.6,"Rionegro - Santander, Colombia",manual,depth20_120,8,8,BAR2 BRJC CPAM3 PAM PDSC PTB1 VMM07 VMM10,sgc_new_events_downloaded_quakeml,sgc_catalog_rms_s,domain_20_120,https://bdrsnc.sgc.gov.co/paginas1/catalogo/Consulta_Experta_Seiscomp/download.php?destino=eventos/events/SGC2026boggwn&file=SGC2026boggwn.xml,https://bdrsnc.sgc.gov.co/paginas1/catalogo/Consulta_Experta_Seiscomp/fases.php?id_sismo=SGC2026boggwn&date=2026-01-22_22:20:17&anio=2026,"https://bdrsnc.sgc.gov.co/paginas1/catalogo/Consulta_Experta_Seiscomp/mapa.php?lat=7.711&lon=-73.73683333&fc=2026-01-22_22:08:01&pf=44.87&mg=2.3&dm=Rionegro_-_Santander,_Colombia",C:\Users\claudia.parra\Documents\Materias_romulo\investigacion\tomografia_localizacion_simultaneas\output_sgc_new_events_joint_vp_relocation_fmm_min4_plus_shallow\data\xml_events\SGC2026boggwn.xml,109.11666666666667
SGC2025pgzatv,2025-08-05 06:07:28,2025-08-05T06:07:28.339999Z,7.723166667,-73.75666667,43.88,7.723,-73.757,43.88,-83.60428015283965,80.50291337044001,43.88,1.6,MLr_vmm,38,0.5,40.0,0.919,0.919,2.1,"Puerto Wilches - Santander, Colombia",manual,depth20_120,7,7,BAR2 BRJC CPAM3 CPAMP PAM VMM07 VMM10,sgc_new_events_downloaded_quakeml,sgc_catalog_rms_s,domain_20_120,https://bdrsnc.sgc.gov.co/paginas1/catalogo/Consulta_Experta_Seiscomp/download.php?destino=eventos/events/SGC2025pgzatv&file=SGC2025pgzatv.xml,https://bdrsnc.sgc.gov.co/paginas1/catalogo/Consulta_Experta_Seiscomp/fases.php?id_sismo=SGC2025pgzatv&date=2025-08-06_10:10:34&anio=2025,"https://bdrsnc.sgc.gov.co/paginas1/catalogo/Consulta_Experta_Seiscomp/mapa.php?lat=7.723166667&lon=-73.75666667&fc=2025-08-05_06:07:28&pf=43.88&mg=1.6&dm=Puerto_Wilches_-_Santander,_Colombia",C:\Users\claudia.parra\Documents\Materias_romulo\investigacion\tomografia_localizacion_simultaneas\output_sgc_new_events_joint_vp_relocation_fmm_min4_plus_shallow\data\xml_events\SGC2025pgzatv.xml,92.51666666666668
SGC2025yxrhgz,2025-12-19 19:56:58,2025-12-19T19:56:58.990000Z,7.457166667,-73.291,51.5,7.457,-73.291,51.5,-32.15265914180683,50.891793370440006,51.5,1.7,MLr_vmm,25,0.5,170.0,1.485,1.485,4.1,"El Playón - Santander, Colombia",manual,depth20_120,8,8,BAR2 BRJC CPAM3 PAM PDSC PTB1 VMM07 VMM10,sgc_new_events_downloaded_quakeml,sgc_catalog_rms_s,domain_20_120,https://bdrsnc.sgc.gov.co/paginas1/catalogo/Consulta_Experta_Seiscomp/download.php?destino=eventos/events/SGC2025yxrhgz&file=SGC2025yxrhgz.xml,https://bdrsnc.sgc.gov.co/paginas1/catalogo/Consulta_Experta_Seiscomp/fases.php?id_sismo=SGC2025yxrhgz&date=2025-12-19_20:47:08&anio=2025,"https://bdrsnc.sgc.gov.co/paginas1/catalogo/Consulta_Experta_Seiscomp/mapa.php?lat=7.457166667&lon=-73.291&fc=2025-12-19_19:56:58&pf=51.5&mg=1.7&dm=El_Play�n_-_Santander,_Colombia",C:\Users\claudia.parra\Documents\Materias_romulo\investigacion\tomografia_localizacion_simultaneas\output_sgc_new_events_joint_vp_relocation_fmm_min4_plus_shallow\data\xml_events\SGC2025yxrhgz.xml,92.93333333333334
SGC2023scytrc,2023-09-14 13:30:24,2023-09-14T13:30:24.282262Z,7.31765396,-74.4568589,52.0703125,7.318,-74.457,52.07,-160.9686860117119,35.36123882720003,52.0703125,2.1,MLr_2,25,0.9,66.0,2.96,2.214,7.14,"Segovia - Antioquia, Colombia",manual,depth20_120,7,7,BAR2 BRJC CPAM3 PAM PDSC PTB PTB1,sgc_new_events_downloaded_quakeml,sgc_catalog_rms_s,domain_20_120,https://bdrsnc.sgc.gov.co/paginas1/catalogo/Consulta_Experta_Seiscomp/download.php?destino=eventos/events/SGC2023scytrc&file=SGC2023scytrc.xml,https://bdrsnc.sgc.gov.co/paginas1/catalogo/Consulta_Experta_Seiscomp/fases.php?id_sismo=SGC2023scytrc&date=2023-09-14_14:40:37&anio=2023,"https://bdrsnc.sgc.gov.co/paginas1/catalogo/Consulta_Experta_Seiscomp/mapa.php?lat=7.31765396&lon=-74.4568589&fc=2023-09-14_13:30:24&pf=52.0703125&mg=2.1&dm=Segovia_-_Antioquia,_Colombia",C:\Users\claudia.parra\Documents\Materias_romulo\investigacion\tomografia_localizacion_simultaneas\output_sgc_new_events_joint_vp_relocation_fmm_min4_plus_shallow\data\xml_events\SGC2023scytrc.xml,78.88000000000001
SGC2026baehdu,2026-01-15 06:05:20,2026-01-15T06:05:20.579999Z,7.7865,-74.16983333,64.85,7.787,-74.17,64.85,-129.2551625849324,87.55318000000001,64.85,1.9,MLr_vmm,44,0.8,48.0,1.273,1.273,4.2,"Santa Rosa del Sur - Bolívar, Colombia",manual,depth20_120,8,8,BAR2 BRJC CPAM3 PAM PDSC PTB1 VMM07 VMM10,sgc_new_events_downloaded_quakeml,sgc_catalog_rms_s,domain_20_120,https://bdrsnc.sgc.gov.co/paginas1/catalogo/Consulta_Experta_Seiscomp/download.php?destino=eventos/events/SGC2026baehdu&file=SGC2026baehdu.xml,https://bdrsnc.sgc.gov.co/paginas1/catalogo/Consulta_Experta_Seiscomp/fases.php?id_sismo=SGC2026baehdu&date=2026-01-15_14:05:42&anio=2026,"https://bdrsnc.sgc.gov.co/paginas1/catalogo/Consulta_Experta_Seiscomp/mapa.php?lat=7.7865&lon=-74.16983333&fc=2026-01-15_06:05:20&pf=64.85&mg=1.9&dm=Santa_Rosa_del_Sur_-_Bol�var,_Colombia",C:\Users\claudia.parra\Documents\Materias_romulo\investigacion\tomografia_localizacion_simultaneas\output_sgc_new_events_joint_vp_relocation_fmm_min4_plus_shallow\data\xml_events\SGC2026baehdu.xml,100.3
SGC2025wvcvfj,2025-11-20 02:38:54,2025-11-20T02:38:54.560000Z,7.628833333,-74.03433333,67.64,7.629,-74.034,67.64,-114.28373539003512,70.00172662956003,67.64,3.8,MLr_vmm,99,0.9,33.0,0.849,0.849,4.1,"San Pablo - Bolívar, Colombia",manual,depth20_120,7,7,BAR2 BRJC CPAM3 CPAMP PAM PTB1 VMM10,sgc_new_events_downloaded_quakeml,sgc_catalog_rms_s,domain_20_120,https://bdrsnc.sgc.gov.co/paginas1/catalogo/Consulta_Experta_Seiscomp/download.php?destino=eventos/events/SGC2025wvcvfj&file=SGC2025wvcvfj.xml,https://bdrsnc.sgc.gov.co/paginas1/catalogo/Consulta_Experta_Seiscomp/fases.php?id_sismo=SGC2025wvcvfj&date=2025-11-21_13:06:26&anio=2025,"https://bdrsnc.sgc.gov.co/paginas1/catalogo/Consulta_Experta_Seiscomp/mapa.php?lat=7.628833333&lon=-74.03433333&fc=2025-11-20_02:38:54&pf=67.64&mg=3.8&dm=San_Pablo_-_Bol�var,_Colombia",C:\Users\claudia.parra\Documents\Materias_romulo\investigacion\tomografia_localizacion_simultaneas\output_sgc_new_events_joint_vp_relocation_fmm_min4_plus_shallow\data\xml_events\SGC2025wvcvfj.xml,97.64999999999999
SGC2026afswai,2026-01-04 02:51:01,2026-01-04T02:51:01.149999Z,6.474166667,-74.1985,71.49,6.474,-74.199,71.49,-132.4225497644528,-58.53576662955995,71.49,2.3,MLr_vmm,95,0.8,32.0,0.707,0.707,2.1,"Cimitarra - Santander, Colombia",manual,depth20_120,7,7,BAR2 BRJC CPAM3 PAM PTB1 VMM07 VMM10,sgc_new_events_downloaded_quakeml,sgc_catalog_rms_s,domain_20_120,https://bdrsnc.sgc.gov.co/paginas1/catalogo/Consulta_Experta_Seiscomp/download.php?destino=eventos/events/SGC2026afswai&file=SGC2026afswai.xml,https://bdrsnc.sgc.gov.co/paginas1/catalogo/Consulta_Experta_Seiscomp/fases.php?id_sismo=SGC2026afswai&date=2026-01-05_13:32:54&anio=2026,"https://bdrsnc.sgc.gov.co/paginas1/catalogo/Consulta_Experta_Seiscomp/mapa.php?lat=6.474166667&lon=-74.1985&fc=2026-01-04_02:51:01&pf=71.49&mg=2.3&dm=Cimitarra_-_Santander,_Colombia",C:\Users\claudia.parra\Documents\Materias_romulo\investigacion\tomografia_localizacion_simultaneas\output_sgc_new_events_joint_vp_relocation_fmm_min4_plus_shallow\data\xml_events\SGC2026afswai.xml,97.13333333333333
SGC2025yymqxd,2025-12-20 06:41:46,2025-12-20T06:41:46.359999Z,7.077666667,-74.04,78.19,7.078,-74.04,78.19,-114.90984710474112,8.64585337043999,78.19,1.4,MLr_vmm,27,0.6,69.0,1.202,1.202,2.6,"Yondó (Casabe) - Antioquia, Colombia",manual,depth20_120,7,7,BAR2 BRJC PAM PDSC PTB1 VMM07 VMM10,sgc_new_events_downloaded_quakeml,sgc_catalog_rms_s,domain_20_120,https://bdrsnc.sgc.gov.co/paginas1/catalogo/Consulta_Experta_Seiscomp/download.php?destino=eventos/events/SGC2025yymqxd&file=SGC2025yymqxd.xml,https://bdrsnc.sgc.gov.co/paginas1/catalogo/Consulta_Experta_Seiscomp/fases.php?id_sismo=SGC2025yymqxd&date=2025-12-20_15:31:01&anio=2025,"https://bdrsnc.sgc.gov.co/paginas1/catalogo/Consulta_Experta_Seiscomp/mapa.php?lat=7.077666667&lon=-74.04&fc=2025-12-20_06:41:46&pf=78.19&mg=1.4&dm=Yond�_(Casabe)_-_Antioquia,_Colombia",C:\Users\claudia.parra\Documents\Materias_romulo\investigacion\tomografia_localizacion_simultaneas\output_sgc_new_events_joint_vp_relocation_fmm_min4_plus_shallow\data\xml_events\SGC2025yymqxd.xml,85.8
SGC2025xyrfux,2025-12-06 05:03:23,2025-12-06T05:03:23.920000Z,7.556833333,-73.98116667,84.33,7.557,-73.981,84.33,-108.4093384941986,61.98668662956001,84.33,1.9,MLr_vmm,44,0.5,55.0,0.849,0.849,1.9,"San Pablo - Bolívar, Colombia",manual,depth20_120,8,8,BAR2 BRJC CPAM3 PAM PDSC PTB1 VMM07 VMM10,sgc_new_events_downloaded_quakeml,sgc_catalog_rms_s,domain_20_120,https://bdrsnc.sgc.gov.co/paginas1/catalogo/Consulta_Experta_Seiscomp/download.php?destino=eventos/events/SGC2025xyrfux&file=SGC2025xyrfux.xml,https://bdrsnc.sgc.gov.co/paginas1/catalogo/Consulta_Experta_Seiscomp/fases.php?id_sismo=SGC2025xyrfux&date=2025-12-06_15:54:47&anio=2025,"https://bdrsnc.sgc.gov.co/paginas1/catalogo/Consulta_Experta_Seiscomp/mapa.php?lat=7.556833333&lon=-73.98116667&fc=2025-12-06_05:03:23&pf=84.33&mg=1.9&dm=San_Pablo_-_Bol�var,_Colombia",C:\Users\claudia.parra\Documents\Materias_romulo\investigacion\tomografia_localizacion_simultaneas\output_sgc_new_events_joint_vp_relocation_fmm_min4_plus_shallow\data\xml_events\SGC2025xyrfux.xml,106.86666666666666
SGC2026cmuvbi,2026-02-05 07:14:18,2026-02-05T07:14:18.000000Z,7.6555,-73.80266667,86.33,7.656,-73.803,86.33,-88.68683108247154,72.97026,86.33,1.9,MLr_vmm,44,0.5,55.0,0.919,0.919,2.0,"San Pablo - Bolívar, Colombia",manual,depth20_120,8,8,BAR2 BRJC CPAM3 PAM PDSC PTB1 VMM07 VMM10,sgc_new_events_downloaded_quakeml,sgc_catalog_rms_s,domain_20_120,https://bdrsnc.sgc.gov.co/paginas1/catalogo/Consulta_Experta_Seiscomp/download.php?destino=eventos/events/SGC2026cmuvbi&file=SGC2026cmuvbi.xml,https://bdrsnc.sgc.gov.co/paginas1/catalogo/Consulta_Experta_Seiscomp/fases.php?id_sismo=SGC2026cmuvbi&date=2026-02-05_14:17:35&anio=2026,"https://bdrsnc.sgc.gov.co/paginas1/catalogo/Consulta_Experta_Seiscomp/mapa.php?lat=7.6555&lon=-73.80266667&fc=2026-02-05_07:14:18&pf=86.33&mg=1.9&dm=San_Pablo_-_Bol�var,_Colombia",C:\Users\claudia.parra\Documents\Materias_romulo\investigacion\tomografia_localizacion_simultaneas\output_sgc_new_events_joint_vp_relocation_fmm_min4_plus_shallow\data\xml_events\SGC2026cmuvbi.xml,106.81666666666666
SGC2026asvptr,2026-01-11 06:12:26,2026-01-11T06:12:26.089999Z,6.507833333,-73.70216667,99.06,6.508,-73.702,99.06,-77.58256220360036,-54.78799337044002,99.06,1.8,MLr_vmm,64,0.8,43.0,1.202,1.202,2.1,"Simacota - Santander, Colombia",manual,depth20_120,8,8,BAR2 BRJC CPAM3 PAM PDSC PTB1 VMM07 VMM10,sgc_new_events_downloaded_quakeml,sgc_catalog_rms_s,domain_20_120,https://bdrsnc.sgc.gov.co/paginas1/catalogo/Consulta_Experta_Seiscomp/download.php?destino=eventos/events/SGC2026asvptr&file=SGC2026asvptr.xml,https://bdrsnc.sgc.gov.co/paginas1/catalogo/Consulta_Experta_Seiscomp/fases.php?id_sismo=SGC2026asvptr&date=2026-01-11_13:24:41&anio=2026,"https://bdrsnc.sgc.gov.co/paginas1/catalogo/Consulta_Experta_Seiscomp/mapa.php?lat=6.507833333&lon=-73.70216667&fc=2026-01-11_06:12:26&pf=99.06&mg=1.8&dm=Simacota_-_Santander,_Colombia",C:\Users\claudia.parra\Documents\Materias_romulo\investigacion\tomografia_localizacion_simultaneas\output_sgc_new_events_joint_vp_relocation_fmm_min4_plus_shallow\data\xml_events\SGC2026asvptr.xml,104.56666666666666
SGC2026arcexx,2026-01-10 07:22:07,2026-01-10T07:22:07.759999Z,6.976833333,-73.77016667,90.0,6.977,-73.77,90.0,-85.09589836044853,-2.5789133704399907,90.0,1.6,MLr_vmm,41,0.8,49.0,1.344,1.344,2.5,"Barrancabermeja - Santander, Colombia",manual,depth20_120,8,8,BAR2 BRJC CPAM3 PAM PDSC PTB1 VMM07 VMM10,sgc_new_events_downloaded_quakeml,sgc_catalog_rms_s,domain_20_120,https://bdrsnc.sgc.gov.co/paginas1/catalogo/Consulta_Experta_Seiscomp/download.php?destino=eventos/events/SGC2026arcexx&file=SGC2026arcexx.xml,https://bdrsnc.sgc.gov.co/paginas1/catalogo/Consulta_Experta_Seiscomp/fases.php?id_sismo=SGC2026arcexx&date=2026-01-10_12:37:39&anio=2026,"https://bdrsnc.sgc.gov.co/paginas1/catalogo/Consulta_Experta_Seiscomp/mapa.php?lat=6.976833333&lon=-73.77016667&fc=2026-01-10_07:22:07&pf=90&mg=1.6&dm=Barrancabermeja_-_Santander,_Colombia",C:\Users\claudia.parra\Documents\Materias_romulo\investigacion\tomografia_localizacion_simultaneas\output_sgc_new_events_joint_vp_relocation_fmm_min4_plus_shallow\data\xml_events\SGC2026arcexx.xml,100.01666666666668
SGC2026apmkrl,2026-01-09 10:21:33,2026-01-09T10:21:33.170000Z,6.384666667,-73.63316667,107.49,6.385,-73.633,107.49,-69.95873580915095,-68.49890662955997,107.49,2.2,MLr_vmm,78,0.7,40.0,0.919,0.919,1.8,"Santa Helena del Opón - Santander, Colombia",manual,depth20_120,8,8,BAR2 BRJC CPAM3 PAM PDSC PTB1 VMM07 VMM10,sgc_new_events_downloaded_quakeml,sgc_catalog_rms_s,domain_20_120,https://bdrsnc.sgc.gov.co/paginas1/catalogo/Consulta_Experta_Seiscomp/download.php?destino=eventos/events/SGC2026apmkrl&file=SGC2026apmkrl.xml,https://bdrsnc.sgc.gov.co/paginas1/catalogo/Consulta_Experta_Seiscomp/fases.php?id_sismo=SGC2026apmkrl&date=2026-01-09_14:36:28&anio=2026,"https://bdrsnc.sgc.gov.co/paginas1/catalogo/Consulta_Experta_Seiscomp/mapa.php?lat=6.384666667&lon=-73.63316667&fc=2026-01-09_10:21:33&pf=107.49&mg=2.2&dm=Santa_Helena_del_Op�n_-_Santander,_Colombia",C:\Users\claudia.parra\Documents\Materias_romulo\investigacion\tomografia_localizacion_simultaneas\output_sgc_new_events_joint_vp_relocation_fmm_min4_plus_shallow\data\xml_events\SGC2026apmkrl.xml,109.86666666666667
SGC2025yuczzx,2025-12-17 21:32:41,2025-12-17T21:32:41.869999Z,6.544,-73.68766667,104.45,6.544,-73.688,104.45,-75.98045375839024,-50.76192000000004,104.45,2.6,MLr_vmm,98,0.9,38.0,0.919,0.919,2.0,"Simacota - Santander, Colombia",manual,depth20_120,8,8,BAR2 BRJC CPAM3 PAM PDSC PTB1 VMM07 VMM10,sgc_new_events_downloaded_quakeml,sgc_catalog_rms_s,domain_20_120,https://bdrsnc.sgc.gov.co/paginas1/catalogo/Consulta_Experta_Seiscomp/download.php?destino=eventos/events/SGC2025yuczzx&file=SGC2025yuczzx.xml,https://bdrsnc.sgc.gov.co/paginas1/catalogo/Consulta_Experta_Seiscomp/fases.php?id_sismo=SGC2025yuczzx&date=2025-12-18_22:45:15&anio=2025,"https://bdrsnc.sgc.gov.co/paginas1/catalogo/Consulta_Experta_Seiscomp/mapa.php?lat=6.544&lon=-73.68766667&fc=2025-12-17_21:32:41&pf=104.45&mg=2.6&dm=Simacota_-_Santander,_Colombia",C:\Users\claudia.parra\Documents\Materias_romulo\investigacion\tomografia_localizacion_simultaneas\output_sgc_new_events_joint_vp_relocation_fmm_min4_plus_shallow\data\xml_events\SGC2025yuczzx.xml,109.73333333333333
SGC2025zqwcsx,2025-12-30 06:47:36,2025-12-30T06:47:36.090000Z,6.339333333,-73.59033333,117.92,6.339,-73.59,117.92,-65.2260698953203,-73.54541337044,117.92,3.3,MLr_vmm,93,0.6,41.0,0.707,0.707,1.4,"Santa Helena del Opón - Santander, Colombia",manual,depth20_120,8,8,BAR2 BRJC CPAM3 PAM PDSC PTB1 VMM07 VMM10,sgc_new_events_downloaded_quakeml,sgc_catalog_rms_s,domain_20_120,https://bdrsnc.sgc.gov.co/paginas1/catalogo/Consulta_Experta_Seiscomp/download.php?destino=eventos/events/SGC2025zqwcsx&file=SGC2025zqwcsx.xml,https://bdrsnc.sgc.gov.co/paginas1/catalogo/Consulta_Experta_Seiscomp/fases.php?id_sismo=SGC2025zqwcsx&date=2025-12-30_13:52:03&anio=2025,"https://bdrsnc.sgc.gov.co/paginas1/catalogo/Consulta_Experta_Seiscomp/mapa.php?lat=6.339333333&lon=-73.59033333&fc=2025-12-30_06:47:36&pf=117.92&mg=3.3&dm=Santa_Helena_del_Op�n_-_Santander,_Colombia",C:\Users\claudia.parra\Documents\Materias_romulo\investigacion\tomografia_localizacion_simultaneas\output_sgc_new_events_joint_vp_relocation_fmm_min4_plus_shallow\data\xml_events\SGC2025zqwcsx.xml,116.43333333333332
SGC2025kgeyrg,2025-05-26 00:19:43,2025-05-26T00:19:43.560000Z,6.560666667,-73.50683333,117.39,6.561,-73.507,117.39,-56.00013505566074,-48.906586629560046,117.39,3.4,MLr_vmm,96,0.8,42.0,0.99,0.99,1.6,"El Carmen - Santander, Colombia",manual,depth20_120,8,8,BAR2 BRJC CPAM3 CPAMP PAM PTB1 VMM07 VMM10,sgc_new_events_downloaded_quakeml,sgc_catalog_rms_s,domain_20_120,https://bdrsnc.sgc.gov.co/paginas1/catalogo/Consulta_Experta_Seiscomp/download.php?destino=eventos/events/SGC2025kgeyrg&file=SGC2025kgeyrg.xml,https://bdrsnc.sgc.gov.co/paginas1/catalogo/Consulta_Experta_Seiscomp/fases.php?id_sismo=SGC2025kgeyrg&date=2025-05-26_02:45:19&anio=2025,"https://bdrsnc.sgc.gov.co/paginas1/catalogo/Consulta_Experta_Seiscomp/mapa.php?lat=6.560666667&lon=-73.50683333&fc=2025-05-26_00:19:43&pf=117.39&mg=3.4&dm=El_Carmen_-_Santander,_Colombia",C:\Users\claudia.parra\Documents\Materias_romulo\investigacion\tomografia_localizacion_simultaneas\output_sgc_new_events_joint_vp_relocation_fmm_min4_plus_shallow\data\xml_events\SGC2025kgeyrg.xml,112.9
SGC2022obwjqd,2022-07-19 07:28:29,2022-07-19T07:28:29.359999Z,6.861166667,-73.2815,126.9,6.861,-73.282,126.9,-31.103001884599763,-15.45492662956,126.9,2.3,MLr_vmm,72,0.6,42.0,0.99,0.99,1.4,"Zapatoca - Santander, Colombia",manual,depth120_170_bucaramanga_nest,9,9,BAR2 BRJC CPAMP PAM PDSC PTB PTB1 VMM07 VMM10,sgc_new_events_downloaded_quakeml,sgc_catalog_rms_s,bucaramanga_nest,https://bdrsnc.sgc.gov.co/paginas1/catalogo/Consulta_Experta_Seiscomp/download.php?destino=eventos/events/SGC2022obwjqd&file=SGC2022obwjqd.xml,https://bdrsnc.sgc.gov.co/paginas1/catalogo/Consulta_Experta_Seiscomp/fases.php?id_sismo=SGC2022obwjqd&date=2022-12-04_04:27:09&anio=2022,"https://bdrsnc.sgc.gov.co/paginas1/catalogo/Consulta_Experta_Seiscomp/mapa.php?lat=6.861166667&lon=-73.2815&fc=2022-07-19_07:28:29&pf=126.9&mg=2.3&dm=Zapatoca_-_Santander,_Colombia",C:\Users\claudia.parra\Documents\Materias_romulo\investigacion\tomografia_localizacion_simultaneas\output_sgc_new_events_joint_vp_relocation_fmm_min4_plus_shallow\data\xml_events\SGC2022obwjqd.xml,125.2
SGC2022mvfomu,2022-07-01 12:37:59,2022-07-01T12:37:59.439999Z,6.872833333,-73.2555,128.52,6.873,-73.256,128.52,-28.23025570698167,-14.15619337044,128.52,2.8,MLr_vmm,45,0.2,43.0,0.566,0.566,0.7,"Zapatoca - Santander, Colombia",manual,depth120_170_bucaramanga_nest,8,8,BAR2 BRJC CPAMP PAM PDSC PTB PTB1 VMM07,sgc_new_events_downloaded_quakeml,sgc_catalog_rms_s,bucaramanga_nest,https://bdrsnc.sgc.gov.co/paginas1/catalogo/Consulta_Experta_Seiscomp/download.php?destino=eventos/events/SGC2022mvfomu&file=SGC2022mvfomu.xml,https://bdrsnc.sgc.gov.co/paginas1/catalogo/Consulta_Experta_Seiscomp/fases.php?id_sismo=SGC2022mvfomu&date=2023-01-04_19:13:30&anio=2022,"https://bdrsnc.sgc.gov.co/paginas1/catalogo/Consulta_Experta_Seiscomp/mapa.php?lat=6.872833333&lon=-73.2555&fc=2022-07-01_12:37:59&pf=128.52&mg=2.8&dm=Zapatoca_-_Santander,_Colombia",C:\Users\claudia.parra\Documents\Materias_romulo\investigacion\tomografia_localizacion_simultaneas\output_sgc_new_events_joint_vp_relocation_fmm_min4_plus_shallow\data\xml_events\SGC2022mvfomu.xml,116.41666666666667
SGC2022hytacc,2022-04-23 14:55:10,2022-04-23T14:55:10.240000Z,7.449833333,-73.18983333,138.12,7.45,-73.19,138.12,-20.974729736234256,50.07544662955999,138.12,2.8,MLr_vmm,87,0.7,43.0,0.99,0.99,1.6,"El Playón - Santander, Colombia",manual,depth120_170_bucaramanga_nest,9,9,BAR2 BRJC CPAMP PAM PDSC VMM05 VMM09 VMM11 VMM12,sgc_new_events_downloaded_quakeml,sgc_catalog_rms_s,bucaramanga_nest,https://bdrsnc.sgc.gov.co/paginas1/catalogo/Consulta_Experta_Seiscomp/download.php?destino=eventos/events/SGC2022hytacc&file=SGC2022hytacc.xml,https://bdrsnc.sgc.gov.co/paginas1/catalogo/Consulta_Experta_Seiscomp/fases.php?id_sismo=SGC2022hytacc&date=2022-10-05_02:44:31&anio=2022,"https://bdrsnc.sgc.gov.co/paginas1/catalogo/Consulta_Experta_Seiscomp/mapa.php?lat=7.449833333&lon=-73.18983333&fc=2022-04-23_14:55:10&pf=138.12&mg=2.8&dm=El_Play�n_-_Santander,_Colombia",C:\Users\claudia.parra\Documents\Materias_romulo\investigacion\tomografia_localizacion_simultaneas\output_sgc_new_events_joint_vp_relocation_fmm_min4_plus_shallow\data\xml_events\SGC2022hytacc.xml,126.26666666666668
SGC2024shqvfe,2024-09-16 02:53:12,2024-09-16T02:53:12.380000Z,7.561833333,-73.13733333,139.57,7.562,-73.137,139.57,-15.17399226219744,62.54328662956,139.57,2.4,MLr_vmm,91,0.6,31.0,0.849,0.849,1.4,"El Playón - Santander, Colombia",manual,depth120_170_bucaramanga_nest,8,8,BAR2 BRJC CPAM3 CPAMP PAM PDSC PTB1 VMM10,sgc_new_events_downloaded_quakeml,sgc_catalog_rms_s,bucaramanga_nest,https://bdrsnc.sgc.gov.co/paginas1/catalogo/Consulta_Experta_Seiscomp/download.php?destino=eventos/events/SGC2024shqvfe&file=SGC2024shqvfe.xml,https://bdrsnc.sgc.gov.co/paginas1/catalogo/Consulta_Experta_Seiscomp/fases.php?id_sismo=SGC2024shqvfe&date=2024-09-17_17:44:29&anio=2024,"https://bdrsnc.sgc.gov.co/paginas1/catalogo/Consulta_Experta_Seiscomp/mapa.php?lat=7.561833333&lon=-73.13733333&fc=2024-09-16_02:53:12&pf=139.57&mg=2.4&dm=El_Play�n_-_Santander,_Colombia",C:\Users\claudia.parra\Documents\Materias_romulo\investigacion\tomografia_localizacion_simultaneas\output_sgc_new_events_joint_vp_relocation_fmm_min4_plus_shallow\data\xml_events\SGC2024shqvfe.xml,115.16666666666667
SGC2025ycdafx,2025-12-08 02:12:20,2025-12-08T02:12:20.912374Z,6.746158809,-73.12745924,143.2421875,6.746,-73.127,143.24,-14.083001712005418,-28.257601382120026,143.2421875,2.9,MLr_3,72,0.9,66.0,2.209,2.736,3.93,"Los Santos - Santander, Colombia",manual,depth120_170_bucaramanga_nest,9,9,BAR2 BRJC CPAM3 CPAMP PAM PDSC PTB1 VMM07 VMM10,sgc_new_events_downloaded_quakeml,sgc_catalog_rms_s,bucaramanga_nest,https://bdrsnc.sgc.gov.co/paginas1/catalogo/Consulta_Experta_Seiscomp/download.php?destino=eventos/events/SGC2025ycdafx&file=SGC2025ycdafx.xml,https://bdrsnc.sgc.gov.co/paginas1/catalogo/Consulta_Experta_Seiscomp/fases.php?id_sismo=SGC2025ycdafx&date=2025-12-09_18:21:42&anio=2025,"https://bdrsnc.sgc.gov.co/paginas1/catalogo/Consulta_Experta_Seiscomp/mapa.php?lat=6.746158809&lon=-73.12745924&fc=2025-12-08_02:12:20&pf=143.2421875&mg=2.9&dm=Los_Santos_-_Santander,_Colombia",C:\Users\claudia.parra\Documents\Materias_romulo\investigacion\tomografia_localizacion_simultaneas\output_sgc_new_events_joint_vp_relocation_fmm_min4_plus_shallow\data\xml_events\SGC2025ycdafx.xml,117.135
SGC2025yshmnq,2025-12-16 21:38:58,2025-12-16T21:38:58.780000Z,7.430333333,-73.19233333,140.25,7.43,-73.192,140.25,-21.250955330235783,47.90470662956001,140.25,2.5,MLr_vmm,63,0.5,65.0,0.919,0.919,1.4,"Rionegro - Santander, Colombia",manual,depth120_170_bucaramanga_nest,8,8,BAR2 BRJC CPAM3 PAM PDSC PTB1 VMM07 VMM10,sgc_new_events_downloaded_quakeml,sgc_catalog_rms_s,bucaramanga_nest,https://bdrsnc.sgc.gov.co/paginas1/catalogo/Consulta_Experta_Seiscomp/download.php?destino=eventos/events/SGC2025yshmnq&file=SGC2025yshmnq.xml,https://bdrsnc.sgc.gov.co/paginas1/catalogo/Consulta_Experta_Seiscomp/fases.php?id_sismo=SGC2025yshmnq&date=2025-12-17_21:08:27&anio=2025,"https://bdrsnc.sgc.gov.co/paginas1/catalogo/Consulta_Experta_Seiscomp/mapa.php?lat=7.430333333&lon=-73.19233333&fc=2025-12-16_21:38:58&pf=140.25&mg=2.5&dm=Rionegro_-_Santander,_Colombia",C:\Users\claudia.parra\Documents\Materias_romulo\investigacion\tomografia_localizacion_simultaneas\output_sgc_new_events_joint_vp_relocation_fmm_min4_plus_shallow\data\xml_events\SGC2025yshmnq.xml,110.33333333333333
SGC2024lyrntx,2024-06-18 05:56:17,2024-06-18T05:56:17.420000Z,6.834166667,-73.163,150.14,6.834,-73.163,150.14,-18.009908728915683,-18.460566629560013,150.14,2.4,MLr_3,81,0.7,62.0,0.99,0.99,1.5,"Los Santos - Santander, Colombia",manual,depth120_170_bucaramanga_nest,8,8,BAR2 BRJC CPAM3 CPAMP PAM PDSC PTB1 VMM10,sgc_new_events_downloaded_quakeml,sgc_catalog_rms_s,bucaramanga_nest,https://bdrsnc.sgc.gov.co/paginas1/catalogo/Consulta_Experta_Seiscomp/download.php?destino=eventos/events/SGC2024lyrntx&file=SGC2024lyrntx.xml,https://bdrsnc.sgc.gov.co/paginas1/catalogo/Consulta_Experta_Seiscomp/fases.php?id_sismo=SGC2024lyrntx&date=2024-06-18_12:53:21&anio=2024,"https://bdrsnc.sgc.gov.co/paginas1/catalogo/Consulta_Experta_Seiscomp/mapa.php?lat=6.834166667&lon=-73.163&fc=2024-06-18_05:56:17&pf=150.14&mg=2.4&dm=Los_Santos_-_Santander,_Colombia",C:\Users\claudia.parra\Documents\Materias_romulo\investigacion\tomografia_localizacion_simultaneas\output_sgc_new_events_joint_vp_relocation_fmm_min4_plus_shallow\data\xml_events\SGC2024lyrntx.xml,109.03333333333333
SGC2025xyndwy,2025-12-06 03:00:55,2025-12-06T03:00:55.869999Z,7.283,-73.13316667,151.73,7.283,-73.133,151.73,-14.713617008794968,31.50356000000004,151.73,2.0,MLr_vmm,47,0.6,40.0,1.273,1.273,1.9,"Rionegro - Santander, Colombia",manual,depth120_170_bucaramanga_nest,7,7,BAR2 BRJC PAM PDSC PTB1 VMM07 VMM10,sgc_new_events_downloaded_quakeml,sgc_catalog_rms_s,bucaramanga_nest,https://bdrsnc.sgc.gov.co/paginas1/catalogo/Consulta_Experta_Seiscomp/download.php?destino=eventos/events/SGC2025xyndwy&file=SGC2025xyndwy.xml,https://bdrsnc.sgc.gov.co/paginas1/catalogo/Consulta_Experta_Seiscomp/fases.php?id_sismo=SGC2025xyndwy&date=2025-12-06_05:27:11&anio=2025,"https://bdrsnc.sgc.gov.co/paginas1/catalogo/Consulta_Experta_Seiscomp/mapa.php?lat=7.283&lon=-73.13316667&fc=2025-12-06_03:00:55&pf=151.73&mg=2.0&dm=Rionegro_-_Santander,_Colombia",C:\Users\claudia.parra\Documents\Materias_romulo\investigacion\tomografia_localizacion_simultaneas\output_sgc_new_events_joint_vp_relocation_fmm_min4_plus_shallow\data\xml_events\SGC2025xyndwy.xml,92.76666666666667
SGC2024tcjfvv,2024-09-27 09:38:08,2024-09-27T09:38:08.189999Z,7.3705,-73.05966667,161.55,7.371,-73.06,161.55,-6.592584545143116,41.244059999999976,161.55,2.4,MLr_3,65,0.6,54.0,1.131,1.131,1.6,"Matanza - Santander, Colombia",manual,depth120_170_bucaramanga_nest,6,6,BAR2 BRJC CPAM3 PAM PTB1 VMM10,sgc_new_events_downloaded_quakeml,sgc_catalog_rms_s,bucaramanga_nest,https://bdrsnc.sgc.gov.co/paginas1/catalogo/Consulta_Experta_Seiscomp/download.php?destino=eventos/events/SGC2024tcjfvv&file=SGC2024tcjfvv.xml,https://bdrsnc.sgc.gov.co/paginas1/catalogo/Consulta_Experta_Seiscomp/fases.php?id_sismo=SGC2024tcjfvv&date=2025-03-18_17:21:40&anio=2024,"https://bdrsnc.sgc.gov.co/paginas1/catalogo/Consulta_Experta_Seiscomp/mapa.php?lat=7.3705&lon=-73.05966667&fc=2024-09-27_09:38:08&pf=161.55&mg=2.4&dm=Matanza_-_Santander,_Colombia",C:\Users\claudia.parra\Documents\Materias_romulo\investigacion\tomografia_localizacion_simultaneas\output_sgc_new_events_joint_vp_relocation_fmm_min4_plus_shallow\data\xml_events\SGC2024tcjfvv.xml,81.25
SGC2026akeapz,2026-01-06 12:46:06,2026-01-06T12:46:06.969999Z,7.483833333,-73.18666667,137.94,7.484,-73.187,137.94,-20.62484472043302,53.86032662955997,137.94,2.6,MLr_vmm,99,0.7,44.0,0.919,0.919,1.5,"El Playón - Santander, Colombia",manual,depth120_170_bucaramanga_nest,8,8,BAR2 BRJC CPAM3 PAM PDSC PTB1 VMM07 VMM10,sgc_new_events_downloaded_quakeml,sgc_catalog_rms_s,bucaramanga_nest,https://bdrsnc.sgc.gov.co/paginas1/catalogo/Consulta_Experta_Seiscomp/download.php?destino=eventos/events/SGC2026akeapz&file=SGC2026akeapz.xml,https://bdrsnc.sgc.gov.co/paginas1/catalogo/Consulta_Experta_Seiscomp/fases.php?id_sismo=SGC2026akeapz&date=2026-01-07_20:27:56&anio=2026,"https://bdrsnc.sgc.gov.co/paginas1/catalogo/Consulta_Experta_Seiscomp/mapa.php?lat=7.483833333&lon=-73.18666667&fc=2026-01-06_12:46:06&pf=137.94&mg=2.6&dm=El_Play�n_-_Santander,_Colombia",C:\Users\claudia.parra\Documents\Materias_romulo\investigacion\tomografia_localizacion_simultaneas\output_sgc_new_events_joint_vp_relocation_fmm_min4_plus_shallow\data\xml_events\SGC2026akeapz.xml,113.63333333333333
